{
  "Author": "Taurenkey",
  "Name": "QoL Bar Tweaked",
  "InternalName": "QoLBar",
  "AssemblyVersion": "3.0.0.0",
  "Description": "A plugin designed to provide a simple, customizable and always available interface for chat commands\nor other plugins to alleviate the need for using macros and hotbar space to achieve similar results.\n\nThe plugin should initially appear as a small box on the bottom center of the game window.",
  "ApplicableVersion": "any",
  "RepoUrl": "https://github.com/Taurenkey/QoLBar",
  "CategoryTags": [
    "UI",
    "utility"
  ],
  "DalamudApiLevel": 8,
  "LoadRequiredState": 0,
  "LoadSync": false,
  "LoadPriority": 0,
  "ImageUrls": [
    ""
  ],
  "IconUrl": "",
  "Punchline": "QoL Bar but with more stuff",
  "AcceptsFeedback": true
}